x,y,collision
-6.16098,-6.99514,0
-6.18284,-6.95711,0
-6.20438,-6.91861,0
-6.22828,-6.87572,0
-6.24914,-6.83780,0
-6.27100,-6.79697,0
-6.29462,-6.74843,0
-6.31676,-6.69970,0
-6.33927,-6.64728,0
-6.35912,-6.59958,0
-6.37850,-6.55084,0
-6.39763,-6.50178,0
-6.41307,-6.46051,0
-6.42999,-6.41251,0
-6.44663,-6.36706,0
-6.46487,-6.32115,0
-6.48265,-6.27422,0
-6.50140,-6.22233,0
-6.51765,-6.17405,0
-6.53213,-6.13078,0
-6.54910,-6.08123,0
-6.56465,-6.03480,0
-6.58040,-5.98913,0
-6.59581,-5.94383,0
-6.61158,-5.89751,0
-6.62783,-5.84981,0
-6.64368,-5.80186,0
-6.65865,-5.75220,0
-6.67531,-5.70162,0
-6.69215,-5.64811,0
-6.70847,-5.59629,0
-6.72409,-5.54750,0
-6.74118,-5.49294,0
-6.75799,-5.43521,0
-6.77301,-5.38305,0
-6.78864,-5.32924,0
-6.80299,-5.27907,0
-6.81710,-5.22931,0
-6.83165,-5.17946,0
-6.84640,-5.12984,0
-6.86056,-5.08311,0
-6.87416,-5.03788,0
-6.88804,-4.99277,0
-6.90272,-4.94771,0
-6.91790,-4.90226,0
-6.92898,-4.86819,0
-6.94397,-4.82216,0
-6.95749,-4.78177,0
-6.97069,-4.74345,0
-6.98331,-4.70696,0
-6.99855,-4.66317,0
-7.01105,-4.62448,0
-7.02461,-4.58214,0
-7.03866,-4.53863,0
-7.05334,-4.49412,0
-7.06791,-4.44923,0
-7.08266,-4.40364,0
-7.09908,-4.35398,0
-7.11710,-4.30076,0
-7.13300,-4.25455,0
-7.15047,-4.20378,0
-7.16769,-4.15323,0
-7.18352,-4.10709,0
-7.20153,-4.05657,0
-7.21708,-4.01267,0
-7.23378,-3.96643,0
-7.25319,-3.91569,0
-7.27435,-3.86084,0
-7.29514,-3.81030,0
-7.31838,-3.75547,0
-7.34099,-3.70378,0
-7.36210,-3.65619,0
-7.38460,-3.60619,0
-7.40731,-3.55762,0
-7.42985,-3.51100,0
-7.45317,-3.46472,0
-7.48008,-3.41049,0
-7.50851,-3.35447,0
-7.53179,-3.30910,0
-7.55803,-3.26018,0
-7.58591,-3.21092,0
-7.61693,-3.15862,0
-7.64270,-3.11467,0
-7.67162,-3.06868,0
-7.69842,-3.02764,0
-7.72910,-2.98485,0
-7.75968,-2.94403,0
-7.79113,-2.90607,0
-7.82131,-2.87287,0
-7.85527,-2.83790,0
-7.89109,-2.80379,0
-7.92902,-2.77022,0
-7.96887,-2.73664,0
-8.00906,-2.70472,0
-8.05065,-2.67295,0
-8.09103,-2.64334,0
-8.13185,-2.61441,0
-8.17132,-2.58708,0
-8.21179,-2.56017,0
-8.25331,-2.53281,0
-8.29519,-2.50591,0
-8.33723,-2.47947,0
-8.38042,-2.45330,0
-8.42443,-2.42781,0
-8.46005,-2.40772,0
-8.49851,-2.38814,0
-8.53105,-2.37257,0
-8.57453,-2.35425,0
-8.61766,-2.33710,0
-8.65693,-2.32250,0
-8.69923,-2.30870,0
-8.73555,-2.29778,0
-8.77343,-2.28710,0
-8.82086,-2.27551,0
-8.86213,-2.26586,0
-8.90638,-2.25607,0
-8.95415,-2.24541,0
-9.00126,-2.23540,0
-9.04600,-2.22626,0
-9.09246,-2.21645,0
-9.13808,-2.20693,0
-9.18512,-2.19771,0
-9.23377,-2.18890,0
-9.28348,-2.18052,0
-9.33218,-2.17281,0
-9.38249,-2.16467,0
-9.42320,-2.15803,0
-9.46264,-2.15158,0
-9.50107,-2.14526,0
-9.53453,-2.13996,0
-9.57183,-2.13462,0
-9.61217,-2.12904,0
-9.64908,-2.12402,0
-9.68469,-2.11939,0
-9.72310,-2.11501,0
-9.75355,-2.11166,0
-9.79292,-2.10745,0
-9.83108,-2.10353,0
-9.86749,-2.10060,0
-9.91440,-2.09749,0
-9.95465,-2.09601,0
-9.99306,-2.09414,0
-10.03630,-2.09219,0
-10.07176,-2.09047,0
-10.10635,-2.08893,0
-10.13992,-2.08774,0
-10.18871,-2.08656,0
-10.22701,-2.08639,0
-10.26193,-2.08646,0
-10.29777,-2.08607,0
-10.33574,-2.08678,0
-10.37548,-2.08892,0
-10.41545,-2.09140,0
-10.45441,-2.09408,0
-10.48810,-2.09616,0
-10.52358,-2.09763,0
-10.56154,-2.10088,0
-10.60159,-2.10457,0
-10.63908,-2.10792,0
-10.67735,-2.11175,0
-10.71676,-2.11570,0
-10.74990,-2.11979,0
-10.78697,-2.12417,0
-10.82563,-2.12986,0
-10.86608,-2.13621,0
-10.90389,-2.14144,0
-10.94017,-2.14681,0
-10.97566,-2.15249,0
-11.01146,-2.15896,0
-11.04867,-2.16606,0
-11.08251,-2.17274,0
-11.11356,-2.17865,0
-11.14911,-2.18552,0
-11.18363,-2.19170,0
-11.21421,-2.19737,0
-11.25011,-2.20395,0
-11.28010,-2.20910,0
-11.30933,-2.21409,0
-11.33236,-2.21823,0
-11.36173,-2.22396,0
-11.39149,-2.22988,0
-11.42657,-2.23664,0
-11.46085,-2.24359,0
-11.48970,-2.24971,0
-11.51886,-2.25523,0
-11.55134,-2.26256,0
-11.58214,-2.26919,0
-11.61721,-2.27708,0
-11.64746,-2.28450,0
-11.67880,-2.29253,0
-11.71044,-2.30115,0
-11.73720,-2.30809,0
-11.75742,-2.31521,0
-11.77863,-2.32212,0
-11.79991,-2.33087,0
-11.81203,-2.33543,0
-11.82652,-2.34137,0
-11.84433,-2.35019,0
-11.86211,-2.36017,0
-11.87994,-2.36984,0
-11.89656,-2.37938,0
-11.91683,-2.39188,0
-11.94340,-2.40995,0
-11.97016,-2.42938,0
-11.99568,-2.45011,0
-12.01373,-2.46499,0
-12.02888,-2.47958,0
-12.04092,-2.49182,0
-12.04879,-2.50057,0
-12.05367,-2.50555,0
-12.06244,-2.51655,0
-12.07165,-2.52808,0
-12.07796,-2.53647,0
-12.08593,-2.54694,0
-12.09328,-2.55683,0
-12.09825,-2.56251,0
-12.10406,-2.57175,0
-12.11322,-2.58659,0
-12.12262,-2.60391,0
-12.13021,-2.62022,0
-12.13809,-2.63787,0
-12.14223,-2.64718,0
-12.14540,-2.65662,0
-12.14849,-2.67082,0
-12.14953,-2.68387,0
-12.15362,-2.69188,0
-12.15607,-2.70232,0
-12.15614,-2.73541,0
-12.15856,-2.76803,0
-12.15910,-2.79430,0
-12.15958,-2.82297,0
-12.16102,-2.83398,0
-12.16105,-2.84464,0
-12.16096,-2.86756,0
-12.15883,-2.89875,0
-12.15479,-2.92966,0
-12.14882,-2.96073,0
-12.14595,-2.98215,0
-12.13409,-3.02375,0
-12.13140,-3.03669,0
-12.13037,-3.04471,0
-12.12572,-3.05895,0
-12.12205,-3.06975,0
-12.11700,-3.07225,0
-12.11330,-3.07115,0
-12.08284,-3.07108,0
-12.04484,-3.07112,0
-12.00629,-3.07124,0
-11.97300,-3.07146,0
-11.93429,-3.07170,0
-11.89477,-3.07218,0
-11.85999,-3.07238,0
-11.82420,-3.07257,0
-11.79010,-3.07286,0
-11.75224,-3.07247,0
-11.71599,-3.07243,0
-11.67934,-3.07249,0
-11.64258,-3.07206,0
-11.60289,-3.07259,0
-11.56652,-3.07258,0
-11.52846,-3.07262,0
-11.49405,-3.07257,0
-11.45749,-3.07256,0
-11.41785,-3.07205,0
-11.38123,-3.07249,0
-11.34333,-3.07247,0
-11.30701,-3.07243,0
-11.27481,-3.07244,0
-11.24277,-3.07316,0
-11.20912,-3.07335,0
-11.17263,-3.07379,0
-11.14053,-3.07475,0
-11.10899,-3.07531,0
-11.08326,-3.07613,0
-11.05688,-3.07787,0
-11.02390,-3.07887,0
-10.98903,-3.08013,0
-10.95964,-3.08120,0
-10.93204,-3.08201,0
-10.90316,-3.08294,0
-10.88121,-3.08412,0
-10.84901,-3.08527,0
-10.81670,-3.08604,0
-10.78734,-3.08646,0
-10.75641,-3.08745,0
-10.72283,-3.08836,0
-10.69090,-3.08930,0
-10.65790,-3.09028,0
-10.62588,-3.09091,0
-10.59123,-3.09100,0
-10.55291,-3.09064,0
-10.51438,-3.08963,0
-10.48405,-3.08833,0
-10.44847,-3.08632,0
-10.40428,-3.08320,0
-10.36582,-3.07995,0
-10.33021,-3.07671,0
-10.29601,-3.07350,0
-10.24916,-3.06889,0
-10.19752,-3.06340,0
-10.14821,-3.05774,0
-10.10283,-3.05094,0
-10.06533,-3.04473,0
-10.02341,-3.03829,0
-9.98117,-3.03138,0
-9.93605,-3.02505,0
-9.89443,-3.01996,0
-9.85310,-3.01478,0
-9.80756,-3.00888,0
-9.76295,-3.00332,0
-9.71787,-2.99820,0
-9.67391,-2.99309,0
-9.62838,-2.98875,0
-9.58180,-2.98388,0
-9.53462,-2.97809,0
-9.48577,-2.97281,0
-9.43508,-2.96668,0
-9.38473,-2.96070,0
-9.33696,-2.95559,0
-9.28583,-2.95093,0
-9.23596,-2.94678,0
-9.19069,-2.94395,0
-9.14291,-2.94176,0
-9.09854,-2.94002,0
-9.04883,-2.93989,0
-8.99846,-2.94030,0
-8.94928,-2.94058,0
-8.90115,-2.94069,0
-8.85343,-2.94133,0
-8.80681,-2.94213,0
-8.75511,-2.94218,0
-8.70618,-2.94165,0
-8.65594,-2.94101,0
-8.61029,-2.94023,0
-8.55890,-2.93893,0
-8.51152,-2.93699,0
-8.46625,-2.93490,0
-8.42399,-2.93268,0
-8.38687,-2.93062,0
-8.34291,-2.92831,0
-8.30342,-2.92599,0
-8.26215,-2.92344,0
-8.21876,-2.92135,0
-8.18212,-2.91863,0
-8.13918,-2.91566,0
-8.09699,-2.91325,0
-8.05667,-2.90979,0
-8.02102,-2.90627,0
-7.97950,-2.90224,0
-7.94167,-2.89878,0
-7.90084,-2.89577,0
-7.85545,-2.89066,0
-7.81443,-2.88681,0
-7.76934,-2.88125,0
-7.72420,-2.87455,0
-7.68302,-2.86864,0
-7.64143,-2.86296,0
-7.60377,-2.85791,0
-7.55483,-2.85171,0
-7.51735,-2.84631,0
-7.48000,-2.84091,0
-7.43775,-2.83492,0
-7.39626,-2.82716,0
-7.34882,-2.81794,0
-7.31110,-2.81067,0
-7.26662,-2.80055,0
-7.22271,-2.79088,0
-7.18581,-2.78301,0
-7.14102,-2.77236,0
-7.10119,-2.76294,0
-7.05940,-2.75397,0
-7.02460,-2.74617,0
-6.98508,-2.73741,0
-6.94233,-2.72912,0
-6.90252,-2.72032,0
-6.86158,-2.71281,0
-6.81871,-2.70336,0
-6.78523,-2.69499,0
-6.74301,-2.68297,0
-6.70138,-2.67018,0
-6.65947,-2.65573,0
-6.61725,-2.64061,0
-6.57721,-2.62519,0
-6.53750,-2.60903,0
-6.49331,-2.59055,0
-6.45145,-2.57249,0
-6.40517,-2.55052,0
-6.36426,-2.53013,0
-6.32684,-2.50935,0
-6.28899,-2.48490,0
-6.25908,-2.46334,0
-6.22614,-2.43571,0
-6.19171,-2.40317,0
-6.17719,-2.39203,0
-6.15958,-2.37202,0
-6.13962,-2.34323,0
-6.11962,-2.31084,0
-6.10480,-2.28320,0
-6.09626,-2.26785,0
-6.08574,-2.23182,0
-6.07720,-2.18982,0
-6.07285,-2.15808,0
-6.07101,-2.13003,0
-6.07201,-2.09811,0
-6.07264,-2.08334,0
-6.07717,-2.06183,0
-6.08355,-2.03949,0
-6.09397,-2.01210,0
-6.10565,-1.98478,0
-6.12419,-1.94968,0
-6.14776,-1.91078,0
-6.17495,-1.87115,0
-6.19350,-1.84576,0
-6.21449,-1.82101,0
-6.22997,-1.80367,0
-6.24433,-1.78975,0
-6.26323,-1.77294,0
-6.28337,-1.75558,0
-6.29498,-1.74550,0
-6.30414,-1.73733,0
-6.31360,-1.72978,0
-6.32484,-1.72042,0
-6.34190,-1.70663,0
-6.35857,-1.69291,0
-6.39115,-1.67126,0
-6.43091,-1.64659,0
-6.47830,-1.61937,0
-6.52355,-1.59484,0
-6.57160,-1.57093,0
-6.61428,-1.55108,0
-6.65665,-1.53209,0
-6.70216,-1.51257,0
-6.75014,-1.49389,0
-6.79032,-1.47900,0
-6.83243,-1.46418,0
-6.88245,-1.44831,0
-6.93093,-1.43449,0
-6.98064,-1.42105,0
-7.03131,-1.40872,0
-7.08279,-1.39773,0
-7.13387,-1.38769,0
-7.18289,-1.37849,0
-7.22954,-1.37041,0
-7.27419,-1.36320,0
-7.32146,-1.35559,0
-7.36678,-1.34878,0
-7.41429,-1.34201,0
-7.46520,-1.33530,0
-7.51332,-1.32946,0
-7.55928,-1.32384,0
-7.60863,-1.31825,0
-7.65459,-1.31333,0
-7.70085,-1.30865,0
-7.74654,-1.30438,0
-7.79311,-1.30012,0
-7.83890,-1.29622,0
-7.88701,-1.29230,0
-7.93593,-1.28848,0
-7.98726,-1.28505,0
-8.03630,-1.28246,0
-8.08624,-1.28076,0
-8.13462,-1.27930,0
-8.18330,-1.27894,0
-8.22078,-1.27887,0
-8.25683,-1.27926,0
-8.29195,-1.28026,0
-8.32912,-1.28164,0
-8.36047,-1.28300,0
-8.39227,-1.28469,0
-8.42864,-1.28685,0
-8.46832,-1.28979,0
-8.50340,-1.29260,0
-8.54367,-1.29626,0
-8.57770,-1.29945,0
-8.61248,-1.30321,0
-8.64835,-1.30749,0
-8.68530,-1.31204,0
-8.72260,-1.31690,0
-8.75846,-1.32197,0
-8.79490,-1.32756,0
-8.82901,-1.33260,0
-8.86522,-1.33817,0
-8.90121,-1.34382,0
-8.93877,-1.34969,0
-8.97896,-1.35655,0
-9.01425,-1.36258,0
-9.05632,-1.36983,0
-9.09613,-1.37659,0
-9.13734,-1.38467,0
-9.18118,-1.39390,0
-9.22591,-1.40404,0
-9.27042,-1.41474,0
-9.31687,-1.42610,0
-9.35882,-1.43680,0
-9.40086,-1.44895,0
-9.44484,-1.46184,0
-9.48846,-1.47502,0
-9.53231,-1.48857,0
-9.57448,-1.50178,0
-9.61536,-1.51522,0
-9.65693,-1.52939,0
-9.70208,-1.54529,0
-9.74451,-1.56130,0
-9.78766,-1.57869,0
-9.82439,-1.59409,0
-9.86555,-1.61191,0
-9.90785,-1.63074,0
-9.94899,-1.64903,0
-9.99141,-1.66772,0
-10.03056,-1.68535,0
-10.06646,-1.70213,0
-10.10483,-1.72026,0
-10.13638,-1.73555,0
-10.16699,-1.75063,0
-10.19841,-1.76634,0
-10.22896,-1.78169,0
-10.26017,-1.79749,0
-10.29569,-1.81568,0
-10.32926,-1.83272,0
-10.36085,-1.84876,0
-10.39207,-1.86408,0
-10.42292,-1.87962,0
-10.45405,-1.89558,0
-10.48624,-1.91231,0
-10.51715,-1.92861,0
-10.54741,-1.94460,0
-10.57652,-1.96079,0
-10.60583,-1.97739,0
-10.63546,-1.99381,0
-10.66458,-2.01027,0
-10.69445,-2.02763,0
-10.72085,-2.04319,0
-10.75082,-2.06075,0
-10.77948,-2.07772,0
-10.80896,-2.09554,0
-10.83361,-2.11080,0
-10.86139,-2.12876,0
-10.88823,-2.14681,0
-10.91561,-2.16527,0
-10.94043,-2.18200,0
-10.96574,-2.19979,0
-10.99209,-2.21865,0
-11.01590,-2.23633,0
-11.03888,-2.25336,0
-11.06266,-2.27164,0
-11.08426,-2.28851,0
-11.10744,-2.30688,0
-11.12764,-2.32303,0
-11.14660,-2.33870,0
-11.16453,-2.35386,0
-11.18502,-2.37182,0
-11.20665,-2.39080,0
-11.22537,-2.40771,0
-11.24695,-2.42767,0
-11.26975,-2.44928,0
-11.29239,-2.47091,0
-11.31421,-2.49301,0
-11.33687,-2.51654,0
-11.35936,-2.53984,0
-11.38537,-2.56745,0
-11.40941,-2.59379,0
-11.43367,-2.62230,0
-11.45498,-2.64807,0
-11.47695,-2.67487,0
-11.50446,-2.70728,0
-11.53108,-2.74024,0
-11.55839,-2.77667,0
-11.58691,-2.81697,0
-11.60577,-2.84288,0
-11.62706,-2.87307,0
-11.64526,-2.89902,0
-11.67314,-2.93701,0
-11.69963,-2.97235,0
-11.72311,-3.00333,0
-11.74524,-3.03208,0
-11.75724,-3.04631,0
-11.76314,-3.05141,0
-11.77741,-3.06863,0
-11.78132,-3.07698,0
-11.79113,-3.08092,0
-11.81738,-3.09810,0
-11.83022,-3.11384,0
-11.83046,-3.11416,0
-11.83046,-3.11416,0
-11.83046,-3.11416,0
-11.83046,-3.11416,0
-11.83046,-3.11415,1
-11.83046,-3.11415,1
-11.83046,-3.11415,1
-11.83046,-3.11415,1
-11.83046,-3.11415,1
-11.83046,-3.11415,1
-11.83046,-3.11415,1
-11.82944,-1.09379,1
-11.83114,-1.12691,0
-11.83160,-1.16421,0
-11.83208,-1.20368,0
-11.83158,-1.23912,0
-11.83039,-1.27225,0
-11.82907,-1.29864,0
-11.82643,-1.32998,0
-11.82337,-1.36620,0
-11.81858,-1.40540,0
-11.81471,-1.43213,0
-11.80702,-1.46968,0
-11.79947,-1.50164,0
-11.79385,-1.52556,0
-11.78280,-1.56016,0
-11.76957,-1.60027,0
-11.75592,-1.63796,0
-11.73722,-1.68370,0
-11.72232,-1.71927,0
-11.70191,-1.76087,0
-11.68212,-1.79892,0
-11.66573,-1.82794,0
-11.64971,-1.85382,0
-11.63155,-1.87953,0
-11.61240,-1.90466,0
-11.59298,-1.92762,0
-11.57298,-1.94967,0
-11.55357,-1.97013,0
-11.53163,-1.99138,0
-11.51046,-2.01129,0
-11.48528,-2.03315,0
-11.46078,-2.05249,0
-11.43083,-2.07585,0
-11.40594,-2.09383,0
-11.36183,-2.12376,0
-11.32838,-2.14524,0
-11.29081,-2.16769,0
-11.24658,-2.19239,0
-11.20865,-2.21310,0
-11.18163,-2.22720,0
-11.15035,-2.24316,0
-11.12636,-2.25523,0
-11.09599,-2.26969,0
-11.06608,-2.28325,0
-11.03399,-2.29728,0
-11.00494,-2.30965,0
-10.97891,-2.32067,0
-10.95007,-2.33269,0
-10.92309,-2.34355,0
-10.89502,-2.35449,0
-10.86888,-2.36449,0
-10.84152,-2.37463,0
-10.81027,-2.38559,0
-10.77910,-2.39612,0
-10.74410,-2.40708,0
-10.69167,-2.42144,0
-10.63830,-2.43413,0
-10.58394,-2.44526,0
-10.53625,-2.45421,0
-10.50733,-2.45933,0
-10.46564,-2.46633,0
-10.43740,-2.47045,0
-10.40544,-2.47517,0
-10.37501,-2.47982,0
-10.34598,-2.48327,0
-10.31066,-2.48808,0
-10.27827,-2.49195,0
-10.24801,-2.49521,0
-10.22257,-2.49810,0
-10.19247,-2.50127,0
-10.16204,-2.50450,0
-10.13158,-2.50798,0
-10.10326,-2.51123,0
-10.07035,-2.51508,0
-10.04025,-2.51870,0
-10.00835,-2.52229,0
-9.97382,-2.52591,0
-9.94453,-2.53009,0
-9.91722,-2.53382,0
-9.87499,-2.53870,0
-9.84540,-2.54151,0
-9.81583,-2.54450,0
-9.78177,-2.54856,0
-9.73971,-2.55432,0
-9.70788,-2.55780,0
-9.67192,-2.56129,0
-9.63396,-2.56617,0
-9.59252,-2.57194,0
-9.54190,-2.57745,0
-9.48955,-2.58345,0
-9.44310,-2.58973,0
-9.39340,-2.59894,0
-9.34115,-2.60798,0
-9.29161,-2.61760,0
-9.23733,-2.62795,0
-9.20219,-2.63533,0
-9.15535,-2.64064,0
-9.10591,-2.64623,0
-9.05242,-2.65249,0
-8.99888,-2.65939,0
-8.94214,-2.66753,0
-8.88817,-2.67565,0
-8.83546,-2.68444,0
-8.78493,-2.69335,0
-8.73118,-2.70389,0
-8.68474,-2.71361,0
-8.63021,-2.72528,0
-8.59025,-2.73457,0
-8.56343,-2.74143,0
-8.51657,-2.74904,0
-8.47128,-2.75613,0
-8.41120,-2.76433,0
-8.35779,-2.77102,0
-8.31105,-2.77620,0
-8.26332,-2.78117,0
-8.21055,-2.78569,0
-8.16594,-2.78884,0
-8.11778,-2.79161,0
-8.07499,-2.79305,0
-8.02892,-2.79377,0
-7.98457,-2.79440,0
-7.93708,-2.79501,0
-7.89192,-2.79532,0
-7.84934,-2.79567,0
-7.81327,-2.79478,0
-7.76744,-2.79420,0
-7.72608,-2.79396,0
-7.68551,-2.79237,0
-7.63652,-2.78936,0
-7.58740,-2.78602,0
-7.53939,-2.78190,0
-7.50272,-2.77906,0
-7.45488,-2.77507,0
-7.40787,-2.77106,0
-7.36360,-2.76809,0
-7.32138,-2.76473,0
-7.28099,-2.76159,0
-7.23948,-2.75854,0
-7.19093,-2.75548,0
-7.14283,-2.75299,0
-7.09961,-2.75003,0
-7.06172,-2.74849,0
-7.01924,-2.74634,0
-6.98101,-2.74465,0
-6.94380,-2.74371,0
-6.91021,-2.74308,0
-6.87586,-2.74262,0
-6.83613,-2.74368,0
-6.80207,-2.74499,0
-6.76514,-2.74710,0
-6.73233,-2.74922,0
-6.69376,-2.75145,0
-6.65555,-2.75376,0
-6.61612,-2.75606,0
-6.57631,-2.75940,0
-6.53660,-2.76232,0
-6.49970,-2.76518,0
-6.46430,-2.76861,0
-6.42317,-2.77335,0
-6.38578,-2.77838,0
-6.34663,-2.78444,0
-6.30657,-2.79055,0
-6.26885,-2.79718,0
-6.23118,-2.80326,0
-6.19131,-2.81004,0
-6.15306,-2.81720,0
-6.11704,-2.82437,0
-6.08360,-2.83156,0
-6.04320,-2.84111,0
-6.00479,-2.85041,0
-5.96593,-2.86028,0
-5.92810,-2.86993,0
-5.88908,-2.88087,0
-5.84795,-2.89126,0
-5.80543,-2.90273,0
-5.76368,-2.91451,0
-5.72333,-2.92598,0
-5.68047,-2.93980,0
-5.63717,-2.95365,0
-5.59996,-2.96568,0
-5.55484,-2.97831,0
-5.51045,-2.99083,0
-5.46956,-3.00379,0
-5.41904,-3.01979,0
-5.36823,-3.03566,0
-5.31068,-3.05464,0
-5.25503,-3.07366,0
-5.20236,-3.09051,0
-5.14362,-3.11070,0
-5.09881,-3.12643,0
-5.04085,-3.14314,0
-4.98512,-3.15723,0
-4.94343,-3.16595,0
-4.90690,-3.17179,0
-4.87083,-3.17514,0
-4.83640,-3.17899,0
-4.80860,-3.18211,0
-4.77614,-3.18628,0
-4.75149,-3.18905,0
-4.72860,-3.19202,0
-4.70567,-3.19508,0
-4.68198,-3.19696,0
-4.65658,-3.19840,0
-4.64507,-3.19949,0
-4.63564,-3.19960,0
-4.62594,-3.20113,0
-4.61497,-3.20168,0
-4.60043,-3.20432,0
-4.58433,-3.20597,0
-4.55531,-3.21075,0
-4.52695,-3.21474,0
-4.50569,-3.21745,0
-4.48247,-3.22138,0
-4.46604,-3.22416,0
-4.44205,-3.22977,0
-4.41873,-3.23610,0
-4.37788,-3.24984,0
-4.34943,-3.25970,0
-4.31847,-3.27152,0
-4.28330,-3.28601,0
-4.24926,-3.30061,0
-4.22332,-3.31254,0
-4.19205,-3.32733,0
-4.18507,-3.33135,0
-4.17794,-3.33409,0
-4.17356,-3.33622,0
-4.16958,-3.33930,0
-4.16753,-3.34220,0
-4.16415,-3.34429,0
-4.15866,-3.34832,0
-4.15551,-3.35141,0
-4.14977,-3.35157,0
-4.14230,-3.35333,0
-4.13602,-3.35427,0
-4.13360,-3.35731,0
-4.13162,-3.36052,0
-4.12915,-3.36420,0
-4.12145,-3.37065,0
-4.10915,-3.38028,0
-4.10570,-3.38277,0
-4.10570,-3.38277,0
-4.10570,-3.38277,0
-4.10570,-3.38277,0
-4.10570,-3.38277,1
-4.10570,-3.38277,1
-4.10570,-3.38277,1
-4.10570,-3.38277,1
-4.10570,-3.38277,1
-4.10570,-3.38277,1
-4.10570,-3.38277,1
-4.10571,-3.38277,1
-4.10571,-3.38277,1
-4.10571,-3.38277,1
-4.10571,-3.38277,1
-4.10571,-3.38277,1
-4.10571,-3.38277,1
-4.10571,-3.38278,1
-4.10571,-3.38278,1
-4.10571,-3.38278,1
-4.10571,-3.38278,1
-4.10571,-3.38278,1
-5.79946,-3.38342,1
-5.76049,-3.38228,0
-5.72566,-3.38140,0
-5.69177,-3.38079,0
-5.65331,-3.38015,0
-5.61390,-3.37954,0
-5.57910,-3.37757,0
-5.54840,-3.37622,0
-5.51577,-3.37458,0
-5.47914,-3.37302,0
-5.44839,-3.37139,0
-5.41136,-3.36925,0
-5.38116,-3.36759,0
-5.35048,-3.36618,0
-5.31150,-3.36364,0
-5.27546,-3.36222,0
-5.24185,-3.36008,0
-5.21106,-3.35837,0
-5.17563,-3.35638,0
-5.13749,-3.35425,0
-5.10002,-3.35230,0
-5.05927,-3.35029,0
-5.02207,-3.34903,0
-4.98359,-3.34774,0
-4.93587,-3.34637,0
-4.88339,-3.34617,0
-4.84544,-3.34658,0
-4.80452,-3.34599,0
-4.76509,-3.34627,0
-4.73476,-3.34630,0
-4.70191,-3.34733,0
-4.68206,-3.34855,0
-4.65371,-3.34751,0
-4.62383,-3.34474,0
-4.58471,-3.34232,0
-4.56328,-3.34051,0
-4.52708,-3.33824,0
-4.49684,-3.33763,0
-4.45361,-3.33537,0
-4.42025,-3.33202,0
-4.39073,-3.32756,0
-4.36702,-3.32374,0
-4.32684,-3.32114,0
-4.29565,-3.31961,0
-4.26563,-3.31944,0
-4.23892,-3.31999,0
-4.22870,-3.32272,0
-4.21948,-3.32470,0
-4.20814,-3.32591,0
-4.20077,-3.32831,0
-4.17134,-3.31840,0
-4.15435,-3.31295,0
-4.14136,-3.30439,0
-4.13976,-3.30055,0
-4.13601,-3.29282,0
-4.12562,-3.27701,0
-4.12199,-3.27252,0
-4.11761,-3.26893,0
-4.10570,-3.26052,0
-4.10570,-3.26052,0
-4.10570,-3.26052,0
-4.10570,-3.26052,0
-4.10570,-3.26052,0
-4.10570,-3.26052,1
-4.10570,-3.26052,1
-4.10570,-3.26052,1
-4.10570,-3.26052,1
-4.10570,-3.26052,1
-4.10570,-3.26052,1
-4.10570,-3.26052,1
-4.10570,-3.26052,1
-4.10570,-3.26052,1
-4.10571,-3.26052,1
-4.10571,-3.26052,1
-6.16120,-3.26181,1
-6.18691,-3.26183,0
-6.17932,-3.26651,0
-6.17932,-3.26651,0
-4.22828,-3.26559,0
-4.22828,-3.26559,0
-4.22828,-3.26559,0
-5.52737,-3.30855,0
-5.52738,-3.30855,0
-5.52988,-3.30863,0
-5.47670,-3.30687,0
-5.44279,-3.30575,0
-5.44279,-3.30575,0
-5.40632,-3.30419,0
-5.36770,-3.30321,0
-5.33408,-3.30228,0
-5.29486,-3.30169,0
-5.25642,-3.30126,0
-5.22278,-3.30115,0
-5.18133,-3.30122,0
-5.14764,-3.30099,0
-5.11917,-3.30127,0
-5.08380,-3.30163,0
-5.04458,-3.30228,0
-5.00676,-3.30286,0
-4.96516,-3.30330,0
-4.92267,-3.30351,0
-4.88029,-3.30411,0
-4.83604,-3.30532,0
-4.79614,-3.30628,0
-4.76974,-3.30801,0
-4.74163,-3.30873,0
-4.71781,-3.30907,0
-4.69410,-3.30901,0
-4.66690,-3.30691,0
-4.64779,-3.30562,0
-4.62215,-3.30289,0
-4.59091,-3.30178,0
-4.57099,-3.30298,0
-4.54772,-3.30104,0
-4.52265,-3.29883,0
-4.49107,-3.29720,0
-4.46165,-3.29614,0
-4.42012,-3.29695,0
-4.38521,-3.29813,0
-4.34384,-3.30012,0
-4.30926,-3.30293,0
-4.27893,-3.30572,0
-4.24960,-3.30966,0
-4.23294,-3.31256,0
-4.21711,-3.31425,0
-4.21355,-3.31441,0
-4.20942,-3.31537,0
-4.20507,-3.31557,0
-4.20057,-3.31744,0
-4.19198,-3.32146,0
-4.18321,-3.32545,0
-4.17176,-3.32461,0
-4.14995,-3.32864,0
-4.12140,-3.33103,0
-4.10569,-3.32992,0
-4.10569,-3.32992,0
-4.10569,-3.32992,0
-4.10569,-3.32992,0
-4.10569,-3.32992,0
-4.10570,-3.32992,1
-4.10570,-3.32992,1
-4.10570,-3.32992,1
-6.33280,-3.33094,1
-4.46907,-3.33961,0
-5.31366,-3.34493,0
-5.26380,-3.34483,0
-5.24104,-3.34480,0
-4.58212,-3.33901,0
-4.77298,-3.34274,0
-4.74255,-3.34094,0
-4.71128,-3.34022,0
-4.67631,-3.33922,0
-4.64933,-3.33721,0
-4.61545,-3.33363,0
-4.59884,-3.33437,0
-4.57888,-3.33052,0
-4.55407,-3.32658,0
-4.53297,-3.32667,0
-4.51352,-3.32358,0
-4.48034,-3.32012,0
-4.44365,-3.31794,0
-4.37158,-3.33989,0
-4.39519,-3.30159,0
-4.42423,-3.25550,0
-4.45176,-3.21225,0
-4.48094,-3.16815,0
-4.50967,-3.12521,0
-4.53887,-3.08251,0
-4.56801,-3.04099,0
-4.59663,-3.00120,0
-4.62760,-2.96070,0
-4.66047,-2.92012,0
-4.69380,-2.87976,0
-4.72345,-2.84583,0
-4.75578,-2.81039,0
-4.79149,-2.77297,0
-4.82772,-2.73650,0
-4.86842,-2.69683,0
-4.90666,-2.66111,0
-4.94500,-2.62697,0
-4.98595,-2.59206,0
-5.02544,-2.55950,0
-5.06471,-2.52819,0
-5.10425,-2.49763,0
-5.14471,-2.46745,0
-5.18592,-2.43760,0
-5.22924,-2.40695,0
-5.27172,-2.37778,0
-5.31363,-2.34963,0
-5.35675,-2.32131,0
-5.40129,-2.29301,0
-5.44552,-2.26569,0
-5.48761,-2.24043,0
-5.53104,-2.21512,0
-5.57604,-2.18968,0
-5.62094,-2.16483,0
-5.66593,-2.14043,0
-5.70950,-2.11790,0
-5.75635,-2.09408,0
-5.79909,-2.07320,0
-5.84349,-2.05204,0
-5.88740,-2.03212,0
-5.93316,-2.01234,0
-5.97988,-1.99310,0
-6.02589,-1.97522,0
-6.07052,-1.95875,0
-6.11462,-1.94308,0
-6.15979,-1.92786,0
-6.20668,-1.91333,0
-6.25195,-1.90028,0
-6.29316,-1.88896,0
-6.33641,-1.87736,0
-6.37778,-1.86665,0
-6.42027,-1.85630,0
-6.46252,-1.84628,0
-6.51398,-1.83475,0
-6.55582,-1.82602,0
-6.60266,-1.81543,0
-6.64987,-1.80498,0
-6.69898,-1.79486,0
-6.74929,-1.78485,0
-6.79457,-1.77661,0
-6.84565,-1.76790,0
-6.89578,-1.75965,0
-6.94229,-1.75209,0
-6.99234,-1.74430,0
-7.03972,-1.73749,0
-7.08625,-1.73109,0
-7.13269,-1.72486,0
-7.17661,-1.71900,0
-7.22016,-1.71332,0
-7.26395,-1.70797,0
-7.30715,-1.70279,0
-7.34979,-1.69779,0
-7.39033,-1.69309,0
-7.43033,-1.68865,0
-7.47251,-1.68420,0
-7.51307,-1.67982,0
-7.55661,-1.67534,0
-7.59999,-1.67136,0
-7.64240,-1.66760,0
-7.68695,-1.66400,0
-7.72949,-1.66121,0
-7.76973,-1.65871,0
-7.80727,-1.65659,0
-7.84464,-1.65468,0
-7.88287,-1.65281,0
-7.92085,-1.65133,0
-7.95542,-1.65012,0
-7.99346,-1.64913,0
-8.02293,-1.64854,0
-8.05400,-1.64822,0
-8.08331,-1.64819,0
-8.10854,-1.64827,0
-8.13820,-1.64865,0
-8.16954,-1.64905,0
-8.19707,-1.64935,0
-8.22346,-1.64967,0
-8.25013,-1.65032,0
-8.27711,-1.65112,0
-8.30694,-1.65207,0
-8.34129,-1.65344,0
-8.37317,-1.65493,0
-8.41528,-1.65730,0
-8.45385,-1.66005,0
-8.48972,-1.66303,0
-8.52426,-1.66606,0
-8.56416,-1.66967,0
-8.60688,-1.67396,0
-8.64435,-1.67794,0
-8.68134,-1.68207,0
-8.72022,-1.68652,0
-8.75674,-1.69089,0
-8.79250,-1.69533,0
-8.83000,-1.70010,0
-8.86546,-1.70458,0
-8.90202,-1.70941,0
-8.94326,-1.71527,0
-8.97527,-1.71993,0
-9.01555,-1.72612,0
-9.05314,-1.73228,0
-9.08668,-1.73756,0
-9.11212,-1.74148,0
-9.15185,-1.74959,0
-9.18884,-1.75738,0
-9.22532,-1.76511,0
-9.25686,-1.77236,0
-9.28947,-1.77982,0
-9.32475,-1.78824,0
-9.36160,-1.79681,0
-9.39518,-1.80553,0
-9.43978,-1.81827,0
-9.48353,-1.83208,0
-9.52859,-1.84673,0
-9.57806,-1.86416,0
-9.62395,-1.88127,0
-9.67478,-1.90049,0
-9.72468,-1.92048,0
-9.76968,-1.93888,0
-9.81754,-1.95849,0
-9.86444,-1.97839,0
-9.90872,-1.99771,0
-9.95039,-2.01679,0
-9.99186,-2.03602,0
-10.03104,-2.05440,0
-10.07184,-2.07390,0
-10.11386,-2.09470,0
-10.15375,-2.11512,0
-10.19409,-2.13616,0
-10.23533,-2.15785,0
-10.27112,-2.17650,0
-10.31274,-2.19874,0
-10.34961,-2.21877,0
-10.38455,-2.23824,0
-10.41731,-2.25624,0
-10.43072,-2.26087,0
-10.43959,-2.26884,0
-10.44426,-2.27360,0
-10.46412,-2.28465,0
-10.48909,-2.29626,0
-10.49219,-2.29959,0
-10.50437,-2.30443,0
-10.51720,-2.30925,0
-10.53288,-2.31760,0
-10.55045,-2.32414,0
-10.55575,-2.32687,0
-10.56569,-2.33088,0
-10.59638,-2.34188,0
-10.61968,-2.35062,0
-10.62898,-2.35349,0
-10.64706,-2.35908,0
-10.66407,-2.36295,0
-10.67195,-2.36762,0
-10.68489,-2.37123,0
-10.69622,-2.37948,0
-10.70379,-2.37898,0
-10.71180,-2.38285,0
-10.72022,-2.38827,0
-10.73208,-2.39032,0
-10.73841,-2.39459,0
-10.73756,-2.39919,0
-10.75827,-2.40141,0
-10.78110,-2.40447,0
-10.79310,-2.40541,0
-10.79864,-2.40339,0
-10.80626,-2.40414,0
-10.81365,-2.40898,0
-10.81701,-2.40501,0
-10.82281,-2.40726,0
-10.83141,-2.41453,0
-10.84020,-2.41931,0
-10.84425,-2.42345,0
-10.84730,-2.42660,0
-10.85411,-2.42957,0
-10.86086,-2.43370,0
-10.86443,-2.43484,0
-10.86796,-2.43299,0
-10.87359,-2.43744,0
-10.88385,-2.44256,0
-10.88786,-2.44620,0
-10.89451,-2.45145,0
-10.90285,-2.45621,0
-10.90863,-2.46043,0
-10.91475,-2.46021,0
-10.92736,-2.46794,0
-10.93671,-2.47295,0
-10.95431,-2.48149,0
-10.96186,-2.48256,0
-10.97155,-2.48533,0
-10.98020,-2.48950,0
-10.98724,-2.49416,0
-10.99181,-2.49880,0
-11.00908,-2.50659,0
-11.02177,-2.51315,0
-11.03251,-2.51860,0
-11.04585,-2.52281,0
-11.05635,-2.52817,0
-11.07163,-2.53387,0
-11.08340,-2.53934,0
-11.08991,-2.54213,0
-11.09848,-2.54414,0
-11.10755,-2.54869,0
-11.11169,-2.55099,0
-11.12717,-2.55316,0
-11.13310,-2.55551,0
-11.13651,-2.55595,0
-11.14516,-2.55617,0
-11.15224,-2.55892,0
-11.15720,-2.56306,0
-11.17523,-2.56738,0
-11.18151,-2.56894,0
-11.19100,-2.57026,0
-11.20785,-2.57690,0
-11.21727,-2.57908,0
-11.22824,-2.58141,0
-11.23923,-2.58283,0
-11.25478,-2.59045,0
-11.27164,-2.59751,0
-11.28658,-2.60609,0
-11.29959,-2.61205,0
-11.32689,-2.62293,0
-11.33860,-2.62751,0
-11.35950,-2.63504,0
-11.38647,-2.64385,0
-11.41173,-2.65132,0
-11.43792,-2.65837,0
-11.46526,-2.66490,0
-11.48987,-2.67090,0
-11.51629,-2.67662,0
-11.54621,-2.68306,0
-11.57785,-2.68903,0
-11.60930,-2.69508,0
-11.64872,-2.70173,0
-11.68348,-2.70712,0
-11.72598,-2.71253,0
-11.76465,-2.71693,0
-11.79779,-2.71972,0
-11.83653,-2.72178,0
-11.87059,-2.72298,0
-11.90977,-2.72349,0
-11.93505,-2.72262,0
-11.97204,-2.72496,0
-11.99350,-2.72645,0
-12.00135,-2.72541,0
-12.01759,-2.72639,0
-12.03165,-2.72625,0
-12.04707,-2.72769,0
-12.05541,-2.72457,0
-12.06570,-2.72369,0
-12.08111,-2.72515,0
-12.10668,-2.73315,0
-12.13477,-2.74406,0
-12.14164,-2.74672,0
-12.14968,-2.75122,0
-12.14933,-2.75081,0
-12.14951,-2.75123,0
-12.15054,-2.75361,0
-12.15184,-2.75645,0
-12.15514,-2.76277,0
-12.15880,-2.76882,0
-12.17195,-2.78510,0
-12.17066,-2.78444,0
-12.17381,-2.78764,0
-12.17748,-2.79107,0
-12.18430,-2.79596,0
-12.18430,-2.79596,0
-12.18430,-2.79596,0
-12.18430,-2.79596,0
-12.18430,-2.79596,0
-12.18430,-2.79596,1
-12.18430,-2.79596,1
-12.18430,-2.79596,1
-12.18430,-2.79596,1
-12.18430,-2.79596,1
-12.18430,-2.79596,1
-12.18430,-2.79596,1
-12.18430,-2.79596,1
-12.18430,-2.79596,1
-12.18430,-2.79596,1
-12.18430,-2.79596,1
-12.18430,-2.79596,1
-12.18430,-2.79596,1
-12.18430,-2.79596,1
-12.18429,-2.79596,1
-12.18429,-2.79596,1
-12.18429,-2.79596,1
-12.18429,-2.79596,1
-12.18429,-2.79596,1
-12.18429,-2.79596,1
-12.18429,-2.79596,1
-7.47973,-2.79518,1
-7.51215,-2.79636,0
-7.54368,-2.79762,0
-7.57683,-2.79887,0
-7.60968,-2.80027,0
-7.64699,-2.80138,0
-7.67959,-2.80246,0
-7.71956,-2.80382,0
-7.75951,-2.80499,0
-7.79785,-2.80583,0
-7.83658,-2.80639,0
-7.87156,-2.80726,0
-7.91217,-2.80782,0
-7.95023,-2.80866,0
-7.98636,-2.80964,0
-8.02117,-2.81059,0
-8.05494,-2.81149,0
-8.09106,-2.81222,0
-8.12620,-2.81290,0
-8.16615,-2.81362,0
-8.19920,-2.81422,0
-8.23572,-2.81452,0
-8.27449,-2.81493,0
-8.31101,-2.81580,0
-8.34864,-2.81639,0
-8.38261,-2.81686,0
-8.41718,-2.81716,0
-8.45207,-2.81725,0
-8.48878,-2.81739,0
-8.52348,-2.81717,0
-8.56594,-2.81650,0
-8.60169,-2.81609,0
-8.64127,-2.81542,0
-8.67470,-2.81465,0
-8.71649,-2.81333,0
-8.75224,-2.81246,0
-8.78825,-2.81166,0
-8.83605,-2.81057,0
-8.89379,-2.80926,0
-8.94738,-2.80769,0
-8.99589,-2.80654,0
-9.04233,-2.80496,0
-9.09743,-2.80285,0
-9.15399,-2.80060,0
-9.20114,-2.79883,0
-9.26132,-2.79593,0
-9.32047,-2.79227,0
-9.37907,-2.78896,0
-9.43427,-2.78536,0
-9.48321,-2.78209,0
-9.53198,-2.78032,0
-9.58692,-2.77952,0
-9.64173,-2.77984,0
-9.69476,-2.78090,0
-9.74445,-2.78284,0
-9.79505,-2.78654,0
-9.84622,-2.79074,0
-9.89492,-2.79428,0
-9.94755,-2.79866,0
-9.99625,-2.80283,0
-10.04055,-2.80584,0
-10.08732,-2.80886,0
-10.13124,-2.81085,0
-10.17421,-2.81325,0
-10.21663,-2.81510,0
-10.24969,-2.81649,0
-10.27806,-2.81723,0
-10.30682,-2.81465,0
-10.32334,-2.81320,0
-10.35382,-2.81723,0
-10.37606,-2.81902,0
-10.39073,-2.82169,0
-10.42177,-2.82341,0
-10.45225,-2.82503,0
-10.48276,-2.82630,0
-10.51465,-2.82690,0
-10.52749,-2.82514,0
-10.55701,-2.82606,0
-10.58000,-2.82725,0
-10.60648,-2.82593,0
-10.61632,-2.82320,0
-10.63308,-2.82424,0
-10.67301,-2.82620,0
-10.70259,-2.82799,0
-10.73473,-2.82794,0
-10.75824,-2.82764,0
-10.79031,-2.82776,0
-10.81449,-2.82657,0
-10.83362,-2.82511,0
-10.85314,-2.82566,0
-10.87805,-2.82631,0
-10.89655,-2.82553,0
-10.93082,-2.82650,0
-10.96385,-2.82764,0
-10.99341,-2.82755,0
-11.01729,-2.82840,0
-11.04300,-2.82901,0
-11.06481,-2.82796,0
-11.09434,-2.82763,0
-11.11731,-2.82692,0
-11.13844,-2.82628,0
-11.17057,-2.82567,0
-11.20488,-2.82493,0
-11.23693,-2.82445,0
-11.26609,-2.82360,0
-11.29831,-2.82206,0
-11.33298,-2.81996,0
-11.36638,-2.81725,0
-11.40058,-2.81417,0
-11.43224,-2.81083,0
-11.46734,-2.80691,0
-11.50227,-2.80285,0
-11.53787,-2.79792,0
-11.56841,-2.79383,0
-11.58479,-2.79149,0
-11.60004,-2.78950,0
-11.61598,-2.78721,0
-11.63153,-2.78409,0
-11.64428,-2.78254,0
-11.65450,-2.78037,0
-11.66586,-2.77885,0
-11.67005,-2.77789,0
-11.67920,-2.77615,0
-11.68139,-2.77484,0
-11.69306,-2.77385,0
-11.69677,-2.77327,0
-11.70666,-2.77135,0
-11.71754,-2.76972,0
-11.72758,-2.76794,0
-11.73817,-2.76651,0
-11.75932,-2.76337,0
-11.78330,-2.75971,0
-11.80672,-2.75504,0
-11.81984,-2.75311,0
-11.82645,-2.75170,0
-11.83712,-2.74922,0
-11.85180,-2.74464,0
-11.85779,-2.74257,0
-11.86441,-2.74076,0
-11.86633,-2.73890,0
-11.86786,-2.73777,0
-11.87093,-2.73687,0
-11.87504,-2.73613,0
-11.87865,-2.73530,0
-11.88116,-2.73629,0
-11.88618,-2.73401,0
-11.88994,-2.73283,0
-11.89606,-2.72987,0
-11.90706,-2.72571,0
-11.91234,-2.72408,0
-11.91683,-2.72242,0
-11.92746,-2.71865,0
-11.93587,-2.71358,0
-11.95210,-2.70750,0
-11.96421,-2.70246,0
-11.96712,-2.69870,0
-11.97038,-2.69763,0
-11.97551,-2.69417,0
-11.98911,-2.69068,0
-12.00348,-2.68693,0
-12.03065,-2.67769,0
-12.06774,-2.66476,0
-12.09798,-2.65389,0
-12.10418,-2.65004,0
-12.11780,-2.64670,0
-12.13381,-2.64083,0
-12.14385,-2.63735,0
-12.15456,-2.62929,0
-12.16988,-2.61653,0
-12.18018,-2.61064,0
-12.18431,-2.60791,0
-12.18430,-2.60791,0
-12.18430,-2.60790,0
-12.18430,-2.60790,0
-12.18430,-2.60790,1
-12.18430,-2.60790,1
-12.18430,-2.60790,1
-12.18430,-2.60790,1
-12.18430,-2.60790,1
-12.18430,-2.60790,1
-12.18430,-2.60790,1
-12.18430,-2.60790,1
-12.18430,-2.60790,1
-12.18430,-2.60790,1
-12.18430,-2.60790,1
-12.18430,-2.60790,1
-12.18430,-2.60790,1
-12.18430,-2.60790,1
-12.18430,-2.60790,1
-12.18429,-2.60790,1
-12.18429,-2.60790,1
-12.18429,-2.60790,1
-12.18429,-2.60790,1
-12.18429,-2.60790,1
-7.46203,-2.63855,1
-7.42109,-2.64999,0
-8.37694,-2.84332,0
-8.37773,-2.84348,0
-7.01872,-1.73083,0
-4.08080,0.52960,0
-1.39074,2.59981,0
1.32377,3.47105,0
-4.57418,-3.13184,0
-4.46259,-2.99461,0
-4.30423,-2.91043,0
-4.33988,-2.94392,0
-4.37448,-2.97765,0
-4.40931,-3.01261,0
-4.44418,-3.04953,0
-4.47907,-3.08730,0
-4.51105,-3.12216,0
-4.54216,-3.15739,0
-4.57223,-3.19182,0
-4.60301,-3.22718,0
-4.63394,-3.26155,0
-4.66372,-3.29580,0
-4.69527,-3.33144,0
-4.72695,-3.36666,0
-4.75950,-3.40279,0
-4.79280,-3.44047,0
-4.82407,-3.47635,0
-4.85401,-3.51152,0
-4.88438,-3.54800,0
-4.91302,-3.58253,0
-4.94106,-3.61707,0
-4.96926,-3.65250,0
-5.00032,-3.69167,0
-5.03359,-3.73496,0
-5.06638,-3.77851,0
-5.09656,-3.81937,0
-5.12354,-3.85797,0
-5.15081,-3.89705,0
-5.17751,-3.93655,0
-5.20305,-3.97499,0
-5.23010,-4.01714,0
-5.25306,-4.05388,0
-5.27475,-4.08953,0
-5.30247,-4.13576,0
-5.32850,-4.17980,0
-5.35212,-4.22124,0
-5.37647,-4.26453,0
-5.39942,-4.30657,0
-5.42476,-4.35380,0
-5.44750,-4.39667,0
-5.46837,-4.43654,0
-5.48969,-4.47772,0
-5.50515,-4.50846,0
-5.52145,-4.54101,0
-5.53457,-4.56742,0
-5.55245,-4.60393,0
-5.57016,-4.64086,0
-5.58395,-4.67119,0
-5.59616,-4.69845,0
-5.61397,-4.73816,0
-5.63254,-4.78079,0
-5.65397,-4.82940,0
-5.67460,-4.87876,0
-5.69558,-4.93178,0
-5.71032,-4.97004,0
-5.71982,-4.99664,0
-5.73376,-5.03206,0
-5.74600,-5.06618,0
-5.75476,-5.09045,0
-5.76379,-5.11771,0
-5.77369,-5.14778,0
-5.78292,-5.17773,0
-5.79198,-5.20926,0
-5.80093,-5.24256,0
-5.81133,-5.28074,0
-5.82177,-5.31978,0
-5.83028,-5.35572,0
-5.83956,-5.39771,0
-5.84666,-5.42899,0
-5.85548,-5.46886,0
-5.86427,-5.51425,0
-5.87257,-5.56215,0
-5.88003,-5.60789,0
-5.88530,-5.64398,0
-5.89097,-5.68236,0
-5.89469,-5.71412,0
-5.89941,-5.75309,0
-5.90436,-5.79502,0
-5.90875,-5.83326,0
-5.91237,-5.88042,0
-5.91527,-5.91928,0
-5.91688,-5.95828,0
-5.91874,-5.99844,0
-5.91936,-6.03474,0
-5.92016,-6.05725,0
-5.91949,-6.09167,0
-5.91890,-6.11640,0
-5.91750,-6.14815,0
-5.91336,-6.18451,0
-5.90854,-6.21853,0
-5.90516,-6.24377,0
-5.89984,-6.28269,0
-5.89252,-6.32912,0
-5.88422,-6.37380,0
-5.87453,-6.42188,0
-5.86419,-6.46754,0
-5.85129,-6.51500,0
-5.83857,-6.55713,0
-5.82452,-6.59872,0
-5.81266,-6.63199,0
-5.80291,-6.66067,0
-5.79022,-6.70128,0
-5.77681,-6.74546,0
-5.76399,-6.78860,0
-5.75198,-6.82926,0
-5.73995,-6.87201,0
-5.73005,-6.90963,0
-5.72032,-6.95176,0
-5.71058,-6.99387,0
-5.69986,-7.03645,0
-5.68919,-7.07856,0
-5.67757,-7.12099,0
-5.66559,-7.16382,0
-5.65374,-7.20597,0
-5.64188,-7.24663,0
-5.62942,-7.29054,0
-5.61850,-7.32877,0
-5.60703,-7.36880,0
-5.59558,-7.40807,0
-5.58381,-7.45116,0
-5.57331,-7.49091,0
-5.56263,-7.53392,0
-5.55329,-7.57274,0
-5.54376,-7.61465,0
-5.53633,-7.65022,0
-5.53105,-7.67848,0
-5.52503,-7.71357,0
-5.52049,-7.74144,0
-5.51579,-7.76982,0
-5.51179,-7.79417,0
-5.50867,-7.82654,0
-5.50738,-7.85070,0
-5.50517,-7.87049,0
-5.50484,-7.89573,0
-5.50531,-7.92429,0
-5.50722,-7.95937,0
-5.50837,-7.98501,0
-5.51100,-8.01106,0
-5.51429,-8.03751,0
-5.52135,-8.06481,0
-5.52700,-8.08208,0
-5.53498,-8.10519,0
-5.53966,-8.12052,0
-5.54387,-8.12980,0
-5.54532,-8.13440,0
-5.54551,-8.13849,0
-5.54588,-8.14363,0
-5.55224,-8.15246,0
-5.55445,-8.15667,0
-5.55725,-8.16313,0
-5.55877,-8.16880,0
-5.56752,-8.18014,0
-5.57314,-8.18279,0
-5.57954,-8.18628,0
-5.58684,-8.19355,0
-5.59182,-8.19762,0
-5.59460,-8.20010,0
-5.59989,-8.20782,0
-5.60439,-8.21430,0
-5.60439,-8.21430,0
-5.60439,-8.21430,0
-5.60439,-8.21430,0
-5.60439,-8.21430,1
-5.60439,-8.21430,1
-5.60439,-8.21430,1
-5.60439,-8.21430,1
-5.60439,-8.21430,1
-5.60439,-8.21430,1
-5.60439,-8.21430,1
-5.60439,-8.21430,1
-5.60439,-8.21430,1
-5.60439,-8.21430,1
-5.60439,-8.21430,1
-5.60439,-8.21430,1
-5.60439,-8.21430,1
-5.60439,-8.21430,1
-5.60439,-8.21430,1
-5.60439,-8.21429,1
-5.60439,-8.21429,1
-5.60439,-7.33135,1
-5.60410,-7.38014,0
-5.60561,-7.42168,0
-5.60721,-7.46874,0
-5.60872,-7.51252,0
-5.61022,-7.55772,0
-5.61237,-7.60363,0
-5.61441,-7.64723,0
-5.61665,-7.69164,0
-5.61878,-7.73406,0
-5.62116,-7.77514,0
-5.62505,-7.82048,0
-5.62921,-7.86623,0
-5.63171,-7.89359,0
-5.63306,-7.90921,0
-5.63551,-7.92806,0
-5.63971,-7.94976,0
-5.64830,-7.97974,0
-5.65745,-8.00893,0
-5.66453,-8.03163,0
-5.67578,-8.06833,0
-5.68055,-8.08372,0
-5.68562,-8.09837,0
-5.69295,-8.12110,0
-5.70048,-8.14377,0
-5.70792,-8.16540,0
-5.71915,-8.19131,0
-5.72921,-8.19944,0
-5.74109,-8.21443,0
-5.74093,-8.21456,0
-5.74087,-8.21455,0
-5.74084,-8.21455,0
-5.74076,-8.21455,0
-5.74074,-8.21455,1
-5.74066,-8.21455,1
-5.74061,-8.21455,1
-5.74055,-8.21455,1
-5.74121,-6.41641,1
-5.74160,-6.46019,0
-5.74150,-6.50341,0
-5.74196,-6.54753,0
-5.74254,-6.59055,0
-5.74228,-6.63627,0
-5.74105,-6.68494,0
-5.73987,-6.73408,0
-5.73851,-6.77995,0
-5.73735,-6.83105,0
-5.73489,-6.88033,0
-5.73086,-6.92326,0
-5.72794,-6.96120,0
-5.72380,-7.01194,0
-5.72086,-7.04796,0
-5.71604,-7.09452,0
-5.71128,-7.13491,0
-5.70463,-7.17868,0
-5.69842,-7.21649,0
-5.69249,-7.25955,0
-5.68592,-7.30492,0
-5.67952,-7.34900,0
-5.67297,-7.39599,0
-5.66699,-7.44063,0
-5.66102,-7.48446,0
-5.65545,-7.52679,0
-5.65017,-7.57017,0
-5.64452,-7.61656,0
-5.63964,-7.65780,0
-5.63522,-7.70114,0
-5.63212,-7.73654,0
-5.63039,-7.77908,0
-5.62847,-7.82283,0
-5.62700,-7.86538,0
-5.62665,-7.90051,0
-5.62599,-7.92689,0
-5.62734,-7.95591,0
-5.62934,-7.97724,0
-5.63372,-8.01084,0
-5.63776,-8.03610,0
-5.64348,-8.06513,0
-5.64618,-8.07858,0
-5.64972,-8.09585,0
-5.65211,-8.10597,0
-5.65471,-8.11721,0
-5.65869,-8.13360,0
-5.66053,-8.14053,0
-5.66216,-8.14510,0
-5.66288,-8.14926,0
-5.66392,-8.15380,0
-5.66533,-8.15696,0
-5.66671,-8.16312,0
-5.67047,-8.16503,0
-5.24050,-6.11287,0
-5.24736,-6.14367,0
-5.25760,-6.18210,0
-5.26629,-6.21586,0
-5.27641,-6.25274,0
-5.28752,-6.29519,0
-5.29733,-6.33591,0
-5.30842,-6.38135,0
-5.31670,-6.41654,0
-5.32648,-6.45960,0
-5.33711,-6.50388,0
-5.34830,-6.54991,0
-5.35755,-6.58935,0
-5.36748,-6.63279,0
-5.37758,-6.67525,0
-5.38652,-6.71794,0
-5.39598,-6.76345,0
-5.40514,-6.80987,0
-5.41510,-6.85443,0
-5.42467,-6.90013,0
-5.43472,-6.94810,0
-5.44092,-6.97967,0
-5.45110,-7.03028,0
-5.46172,-7.08235,0
-5.47146,-7.12960,0
-5.48282,-7.18152,0
-5.49327,-7.22802,0
-5.50404,-7.27432,0
-5.51495,-7.31811,0
-5.52718,-7.36563,0
-5.53935,-7.41066,0
-5.54999,-7.45549,0
-5.56138,-7.50259,0
-5.57279,-7.54894,0
-5.58347,-7.59625,0
-5.59488,-7.64427,0
-5.60406,-7.69294,0
-5.61385,-7.74223,0
-5.62346,-7.78364,0
-5.63411,-7.82047,0
-5.64610,-7.85848,0
-5.65714,-7.89155,0
-5.66789,-7.92051,0
-5.68283,-7.96087,0
-5.69508,-7.99248,0
-5.70806,-8.02673,0
-5.72136,-8.06138,0
-5.73373,-8.09420,0
-5.74618,-8.12694,0
-5.75838,-8.15810,0
-5.77257,-8.18988,0
-5.79304,-8.20943,0
-5.80050,-8.23069,0
-5.80990,-8.25089,0
-5.81524,-8.26485,0
-5.81787,-8.27445,0
-5.81795,-8.27383,0
-5.81816,-8.27579,0
-5.81830,-8.27646,0
-5.81921,-8.28112,0
-5.81969,-8.28408,0
-5.82004,-8.28668,0
-5.82038,-8.28978,0
-5.82050,-8.29108,0
-5.82068,-8.29354,0
-5.82086,-8.30072,0
-5.81999,-8.30754,0
-5.81662,-8.32844,0
-5.80573,-8.34494,0
-5.80570,-8.34499,0
-5.80570,-8.34499,0
-5.80570,-8.34499,0
-5.80570,-8.34499,0
-5.80570,-8.34499,1
-5.80570,-8.34499,1
-5.80570,-8.34499,1
-5.80570,-8.34499,1
